barcode_norm,name_norm,store_product_id_spar,product_name_spar,available_spar,unit_price_num_spar,unit_type_norm_spar,unit_step_num_spar,base_unit_spar,base_price_spar,is_discounted_spar,original_unit_price_spar,categories_spar,image_urls_spar,store_product_id_prima,product_name_prima,available_prima,unit_price_num_prima,unit_type_norm_prima,unit_step_num_prima,base_unit_prima,base_price_prima,is_discounted_prima,original_unit_price_prima,categories_prima,image_urls_prima,price_diff_prima_minus_spar,price_pct_prima_vs_spar,same_package_unit,same_base_unit,base_price_diff_prima_minus_spar,base_price_pct_prima_vs_spar
5740900815308,"lurpak enyhén sózott, csökkentett zsírtartalmú kenhető keverék készítmény 200 g",d713c83ef2c5feab3745ca8c,"Lurpak Enyhén sózott, csökkentett zsírtartalmú kenhető keverék készítmény 200 g",True,1944.0,g,200.0,Ft/kg,9720.0,False,,vaj-margarin-100,https://imageproxy.wolt.com/assets/698f198f960776714feee155;https://imageproxy.wolt.com/assets/698f198f960776714feee156,4498625d694332eb519e3db3,"Lurpak Enyhén sózott, csökkentett zsírtartalmú kenhető keverék készítmény 200 g",True,1271.0,g,200.0,Ft/kg,6355.0,False,,vaj-54,https://imageproxy.wolt.com/assets/698f198f960776714feee155;https://imageproxy.wolt.com/assets/698f198f960776714feee156,-673.0,-34.61934156378601,True,True,-3365.0,-34.61934156378601
8410480201354,carte d'or jégkrém citrom sorbet 1000 ml,9e055028367fd07cfa5d6ace,CARTE D'OR Jégkrém Citrom Sorbet 1000 ml,True,2544.0,ml,1000.0,Ft/l,2544.0,False,,jegkremek-197,https://imageproxy.wolt.com/assets/67ab5a8a33a994494c7fed3e,5d3dc9f04dba7d439643c00d,CARTE D'OR Jégkrém Citrom Sorbet 1000 ml,True,1999.0,ml,1000.0,Ft/l,1999.0,True,279900.0,dobozos-jegkrem-143,https://imageproxy.wolt.com/assets/67ab5a8a33a994494c7fed3e,-545.0,-21.42295597484277,True,True,-545.0,-21.42295597484277
8410376057270,"gullón dietnature étcsokoládés keksz édesítőszerrel 4 x 37,5 g (150 g)",dc1125dae1e58906fd785237,"Gullón DietNature étcsokoládés keksz édesítőszerrel 4 x 37,5 g (150 g)",True,2034.0,g,150.0,Ft/kg,13560.0,False,,cukormentes-78,https://imageproxy.wolt.com/assets/689ba1aff18c6aaa8030cca4;https://imageproxy.wolt.com/assets/689ba1b0f18c6aaa8030cca9,6162043e7873400925433231,"Gullón DietNature étcsokoládés keksz édesítőszerrel 4 x 37,5 g (150 g)",False,1699.0,g,150.0,Ft/kg,11326.666666666666,False,,cukormentes-hozzaadott-cukrot-nem-tartalmaz-33,https://imageproxy.wolt.com/assets/689ba1aff18c6aaa8030cca4;https://imageproxy.wolt.com/assets/689ba1b0f18c6aaa8030cca9,-335.0,-16.470009832841694,True,True,-2233.333333333334,-16.470009832841694
5900437007113,dr. oetker feliciana gyorsfagyasztott pizza sonkával és pesto szósszal 360 g,44a2dcb60f40b2e371cd0247,Dr. Oetker Feliciana gyorsfagyasztott pizza sonkával és pesto szósszal 360 g,True,1729.0,g,360.0,Ft/kg,4802.777777777778,False,,pizzak-196,https://imageproxy.wolt.com/assets/689b7af087a8f04a4a7d8c8d,5f3a386e603a8b6f2900c838,Dr. Oetker Feliciana gyorsfagyasztott pizza sonkával és pesto szósszal 360 g,True,1399.0,g,360.0,Ft/kg,3886.111111111111,True,179900.0,fagyasztott-pizza-134,https://imageproxy.wolt.com/assets/689b7af087a8f04a4a7d8c8d,-330.0,-19.086176980913823,True,True,-916.6666666666674,-19.086176980913834
5997003581023,vénusz 100% első préselésű finomított napraforgó-étolaj 5 l,be4db189008281995858e405,Vénusz 100% első préselésű finomított napraforgó-étolaj 5 l,True,4544.0,ml,5000.0,Ft/l,908.8000000000001,False,,ecet-olaj-citromle-161,https://wolt-menu-images-cdn.wolt.com/menu-images/66544565d6a91b4d1392d750/a818f1d6-9549-11f0-8be5-8a7bba8cedc5_43360000.jpg,1da21518200e76c6cbe670a5,Vénusz 100% első préselésű finomított napraforgó-étolaj 5 l,True,4248.0,ml,5000.0,Ft/l,849.6,False,,olaj-131,https://imageproxy.wolt.com/assets/689b801d87a8f04a4a7d8e72;https://imageproxy.wolt.com/assets/689b801e87a8f04a4a7d8e77,-296.0,-6.514084507042253,True,True,-59.200000000000045,-6.514084507042258
5711953158445,arla friss zsírdús lágy krémsajt 200 g,c775f9ec3671f57a735c2b26,Arla friss zsírdús lágy krémsajt 200 g,True,1079.0,g,200.0,Ft/kg,5395.0,False,,vajkrem-sajtkrem-korozott-101,https://imageproxy.wolt.com/assets/689b7a0f87a8f04a4a7d8ba1;https://imageproxy.wolt.com/assets/689b7a1187a8f04a4a7d8ba4,88fc3856cf7c8da244f76993,Arla friss zsírdús lágy krémsajt 200 g,True,799.0,g,200.0,Ft/kg,3995.0,False,,tomlos-sajtok-kremsajtok-69,https://imageproxy.wolt.com/assets/689b7a0f87a8f04a4a7d8ba1;https://imageproxy.wolt.com/assets/689b7a1187a8f04a4a7d8ba4,-280.0,-25.949953660797032,True,True,-1400.0,-25.949953660797032
8410376061772,gullón gluténmentes keksz csokoládé darabokkal 5 x 44 g (220 g),861673ba7e557a5f401409b9,Gullón gluténmentes keksz csokoládé darabokkal 5 x 44 g (220 g),True,1874.0,g,220.0,Ft/kg,8518.181818181818,False,,glutenmentes-76,https://imageproxy.wolt.com/assets/689ba1b287a8f04a4a7db4f0;https://imageproxy.wolt.com/assets/689ba1b387a8f04a4a7db4f6,d17ecfd605863cf493dea915,Gullón gluténmentes keksz csokoládé darabokkal 5 x 44 g (220 g),True,1599.0,g,220.0,Ft/kg,7268.181818181819,False,,glutenmentes-elelmiszer-32,https://imageproxy.wolt.com/assets/689ba1b287a8f04a4a7db4f0;https://imageproxy.wolt.com/assets/689ba1b387a8f04a4a7db4f6,-275.0,-14.674493062966915,True,True,-1249.999999999999,-14.674493062966906
8594008278391,tihany friss szárított paradicsomos habosított szendvicskrém 140 g,e6a8cf41cd5e65698ccdb8d3,Tihany Friss szárított paradicsomos habosított szendvicskrém 140 g,True,799.0,g,140.0,Ft/kg,5707.142857142857,False,,vajkrem-sajtkrem-korozott-101,https://imageproxy.wolt.com/assets/689ba442f18c6aaa8030d0da,2b1f02d066237f76df327c7f,Tihany Friss szárított paradicsomos habosított szendvicskrém 140 g,True,542.0,g,140.0,Ft/kg,3871.4285714285716,False,,vajkrem-55,https://imageproxy.wolt.com/assets/6936d5cb6a20cce120707caa,-257.0,-32.16520650813517,True,True,-1835.7142857142853,-32.165206508135164
8594008278377,tihany friss natúr habosított szendvicskrém 140 g,75feaf62e58138d05b11db59,Tihany Friss natúr habosított szendvicskrém 140 g,True,799.0,g,140.0,Ft/kg,5707.142857142857,False,,vajkrem-sajtkrem-korozott-101,https://imageproxy.wolt.com/assets/689ba442f18c6aaa8030d0db,e36952d3d4445a13913fa2d1,Tihany Friss natúr habosított szendvicskrém 140 g,True,542.0,g,140.0,Ft/kg,3871.4285714285716,False,,vajkrem-55,https://imageproxy.wolt.com/assets/6936dd3e6a20cce120707e90,-257.0,-32.16520650813517,True,True,-1835.7142857142853,-32.165206508135164
8445290099785,nescafé 3in1 creamy latte azonnal oldódó kávés italpor tejporral és cukorral 10 x 15 g (150 g),42c0b626a1b3f16d6a836ce5,NESCAFÉ 3in1 Creamy Latte azonnal oldódó kávés italpor tejporral és cukorral 10 x 15 g (150 g),True,1154.0,g,150.0,Ft/kg,7693.333333333333,False,,instant-kave-139,https://imageproxy.wolt.com/assets/6925a1be4da254f4fa175e52,613c07946754c07ef35368c0,NESCAFÉ 3in1 Creamy Latte azonnal oldódó kávés italpor tejporral és cukorral 10 x 15 g (150 g),True,899.0,g,150.0,Ft/kg,5993.333333333333,True,129900.0,instant-kave-cappuccino-166,https://imageproxy.wolt.com/assets/6925a1be4da254f4fa175e52,-255.0,-22.097053726169843,True,True,-1700.0,-22.097053726169843
8594008278438,tihany friss zöldfűszeres szendvicskrém 120 g,939ae0ea442f3609e0ac3126,Tihany Friss zöldfűszeres szendvicskrém 120 g,True,704.0,g,120.0,Ft/kg,5866.666666666666,False,,vajkrem-sajtkrem-korozott-101,https://imageproxy.wolt.com/assets/68f62b6c3eaefc4bd921425d,dd43bc7dde47797d0807777d,Tihany Friss zöldfűszeres szendvicskrém 120 g,True,480.0,g,120.0,Ft/kg,4000.0,False,,vajkrem-55,https://imageproxy.wolt.com/assets/6936dcefaee415e61b5e88f3,-224.0,-31.818181818181817,True,True,-1866.666666666666,-31.818181818181813
8594008278414,tihany friss natúr szendvicskrém 120 g,5787f62b200463ee0f1a827d,Tihany Friss natúr szendvicskrém 120 g,True,704.0,g,120.0,Ft/kg,5866.666666666666,False,,vajkrem-sajtkrem-korozott-101,https://imageproxy.wolt.com/assets/689ba441f18c6aaa8030d0d7,1fde1d4e97a8c16595b7d7c6,Tihany Friss natúr szendvicskrém 120 g,True,480.0,g,120.0,Ft/kg,4000.0,False,,vajkrem-55,https://imageproxy.wolt.com/assets/6936d5ee6a20cce120707cb3,-224.0,-31.818181818181817,True,True,-1866.666666666666,-31.818181818181813
8719200266551,flora original omega 3 & 6 margarin 225 g,1fb4d2c671ce0c0af506df10,Flora Original Omega 3 & 6 margarin 225 g,True,535.0,g,225.0,Ft/kg,2377.777777777778,False,,vaj-margarin-100,https://wolt-menu-images-cdn.wolt.com/menu-images/66544565d6a91b4d1392d750/462389cc-954a-11f0-b570-1a5d4a1663d8_523355007.jpg,25f7950783172f8ee31bf81f,Flora Original Omega 3 & 6 margarin 225 g,False,312.0,g,225.0,Ft/kg,1386.6666666666667,False,,margarin-49,https://imageproxy.wolt.com/assets/69d635bdf17312ee6578ee46;https://imageproxy.wolt.com/assets/69d635bdf17312ee6578ee48,-223.0,-41.6822429906542,True,True,-991.1111111111111,-41.6822429906542
7622210818553,milka choco wafer alpesi tejcsokoládéval bevont ostya kakaós töltelékkel 5 x 30 g (150 g),77b96ad7335c004760457fe3,Milka Choco Wafer alpesi tejcsokoládéval bevont ostya kakaós töltelékkel 5 x 30 g (150 g),False,1094.0,g,150.0,Ft/kg,7293.333333333333,False,,keksz-183,https://imageproxy.wolt.com/assets/6926f3116980ec1e3ff5d24b,51718bfe71abaf7552956293,Milka Choco Wafer alpesi tejcsokoládéval bevont ostya kakaós töltelékkel 5 x 30 g (150 g),True,899.0,g,150.0,Ft/kg,5993.333333333333,True,119900.0,csokolade-158,https://imageproxy.wolt.com/assets/6926f3116980ec1e3ff5d24b,-195.0,-17.824497257769654,True,True,-1300.0,-17.824497257769654
9008700227551,rauch juice bar 100% direkt préselt narancslé gyümölcshússal 800 ml,4e7b28136c9bfc53a36b1991,Rauch Juice Bar 100% direkt préselt narancslé gyümölcshússal 800 ml,True,2129.0,ml,800.0,Ft/l,2661.25,False,,szensavmentes-uditoitalok-202,https://imageproxy.wolt.com/assets/689ba9ba87a8f04a4a7dbe5e,41bcc017afd2b7d9ae6fa40f,Rauch Juice Bar 100% direkt préselt narancslé gyümölcshússal 800 ml,True,1949.0,ml,800.0,Ft/l,2436.25,False,,gyumolcsle-gyumolcs-ital-176,https://imageproxy.wolt.com/assets/689ba9ba87a8f04a4a7dbe5e,-180.0,-8.454673555659936,True,True,-225.0,-8.454673555659936
5995663969496,"master good füstli sajtos, füst ízesítésű virsli csirkehúsból 350 g",cfe3d51e9108996439546d9f,"Master Good Füstli sajtos, füst ízesítésű virsli csirkehúsból 350 g",True,1469.0,g,350.0,Ft/kg,4197.142857142858,False,,virsli-118,https://imageproxy.wolt.com/assets/69c6636222b147f1899f25c4;https://imageproxy.wolt.com/assets/69c6636122b147f1899f25c1,cf592d670d67f0c88396ee60,"Master Good Füstli sajtos, füst ízesítésű virsli csirkehúsból 350 g",True,1299.0,g,350.0,Ft/kg,3711.428571428571,True,159900.0,virsli-debreceni-94,https://imageproxy.wolt.com/assets/69c6636222b147f1899f25c4;https://imageproxy.wolt.com/assets/69c6636122b147f1899f25c1,-170.0,-11.572498298162015,True,True,-485.7142857142867,-11.572498298162035
5990031647235,danone oikos édes kettes élőflórás édesített joghurt csokoládéval bevont kukoricapelyhekkel 102 g,a91642003c6782ffe48831ed,Danone Oikos Édes Kettes élőflórás édesített joghurt csokoládéval bevont kukoricapelyhekkel 102 g,True,355.0,g,102.0,Ft/kg,3480.392156862745,False,,izesitett-joghurt-107,https://imageproxy.wolt.com/assets/689b7dbe9bbcfa1dc39bbc2d,d6225192a6e39fe1d3935860,Danone Oikos Édes Kettes élőflórás édesített joghurt csokoládéval bevont kukoricapelyhekkel 102 g,True,212.0,g,102.0,Ft/kg,2078.4313725490197,False,,joghurt-47,https://imageproxy.wolt.com/assets/689b7dbe9bbcfa1dc39bbc2d,-143.0,-40.28169014084507,True,True,-1401.9607843137255,-40.28169014084507
5997536305158,"danone oikos édes kettes édesített joghurt vaníliaízű, csokoládéval bevont gabonacsillagokkal 102 g",436636f60eb7223dcd70b560,"Danone Oikos Édes Kettes édesített joghurt vaníliaízű, csokoládéval bevont gabonacsillagokkal 102 g",True,355.0,g,102.0,Ft/kg,3480.392156862745,False,,izesitett-joghurt-107,https://imageproxy.wolt.com/assets/689b853a87a8f04a4a7d98d4,9b5b5f1f568015e233fd0cc5,"Danone Oikos Édes Kettes édesített joghurt vaníliaízű, csokoládéval bevont gabonacsillagokkal 102 g",True,212.0,g,102.0,Ft/kg,2078.4313725490197,False,,joghurt-47,https://imageproxy.wolt.com/assets/689b853a87a8f04a4a7d98d4,-143.0,-40.28169014084507,True,True,-1401.9607843137255,-40.28169014084507
5999509776002,nyakas rosé száraz rozé bor 13% 750 ml,62ac613436c649b3e6f6fc47,Nyakas Rosé száraz rozé bor 13% 750 ml,True,2489.0,ml,750.0,Ft/l,3318.6666666666665,False,,rose-bor-251,https://imageproxy.wolt.com/assets/689b967687a8f04a4a7dabff;https://imageproxy.wolt.com/assets/689b967787a8f04a4a7dac02,9471a61c7cc55345c80b93b9,Nyakas Rosé száraz rozé bor 13% 750 ml,True,2349.0,ml,750.0,Ft/l,3132.0,False,,rosebor-195,https://imageproxy.wolt.com/assets/689b967687a8f04a4a7dabff;https://imageproxy.wolt.com/assets/689b967787a8f04a4a7dac02,-140.0,-5.62474889513861,True,True,-186.66666666666652,-5.624748895138606
7622210007476,milka tuc alpesi tejcsokoládé sós krékerrel 87 g,71fc1291ae6ad4aa328095d1,Milka Tuc alpesi tejcsokoládé sós krékerrel 87 g,True,734.0,g,87.0,Ft/kg,8436.781609195401,False,,tablas-csokoladek-176,https://imageproxy.wolt.com/assets/69aebdc9f115f4a3251e8d54,a4052a5ddb8a147371402f4e,Milka Tuc alpesi tejcsokoládé sós krékerrel 87 g,True,599.0,g,87.0,Ft/kg,6885.057471264367,True,79900.0,csokolade-158,https://imageproxy.wolt.com/assets/69aebdc9f115f4a3251e8d54,-135.0,-18.392370572207085,True,True,-1551.7241379310335,-18.392370572207074
